GAU,4.06
GCU,3.47
GAA,3
AUG,2.89
GCA,2.86
ACU,2.83
GAC,2.75
GUA,2.5
UAC,2.42
AAC,2.42
AAG,2.39
UAU,2.36
GUU,2.28
UUC,2.22
UUU,2.17
GUG,2.08
AAU,2
AAA,2
UCU,1.94
UGG,1.94
AUA,1.89
GCG,1.89
GGU,1.89
ACA,1.75
CAA,1.72
CAG,1.72
GUC,1.69
CCA,1.67
CUA,1.64
UUA,1.58
UUG,1.56
AGA,1.56
GGC,1.47
CCU,1.44
AUU,1.36
CAU,1.36
GAG,1.36
AGU,1.36
CUG,1.33
CAC,1.33
GGA,1.19
AUC,1.17
GCC,1.17
AGG,1.17
UCA,1.08
ACG,1.06
CGU,1.06
UCG,0.94
CCC,0.92
CGC,0.92
CUU,0.86
ACC,0.86
UGU,0.86
GGG,0.78
CUC,0.75
CGA,0.67
AGC,0.64
CGG,0.56
UGC,0.44
CCG,0.42
UCC,0.22
UAA,0.11
UAG,0
UGA,0